 user,message
Patient,Hello, I have been experiencing chest pain for the past few days.
Doctor,I'm sorry to hear that. Can you describe the nature of the pain?

Patient,It's a sharp pain that radiates to my left arm.
Doctor,When did the pain start and have you noticed any other symptoms?

Patient,The pain started last night. I also feel dizzy and short of breath.
Doctor,These symptoms could indicate a heart-related issue. I'd like to run some tests to be sure.

Patient,Okay, I understand. What kind of tests will be done?
Doctor,We'll start with an EKG to check your heart's activity, followed by some blood tests.

Patient,I see. When do you think I should come in for these tests?
Doctor,I'd like you to come in tomorrow morning. Please try to avoid any strenuous activity until then.

Patient,Got it. I'll make sure to come on time.
Doctor,Excellent, I'll prepare the necessary tests for you. Please call if any symptoms worsen before then.

Patient,Thank you, doctor. I appreciate your help.
Doctor,You're welcome. I'll do my best to help you feel better. Take care.

Patient,I will. I'll see you tomorrow.
Doctor,Looking forward to seeing you then.

-----

Patient,Hi, I've been having persistent headaches for the past week.
Doctor,I'm sorry you're not feeling well. Can you tell me more about the headaches?

Patient,They're constant and throbbing. They usually start in the morning and last all day.
Doctor,Have you taken any medications for the headaches?

Patient,Yes, I've been taking over-the-counter pain relievers, but they don't seem to help much.
Doctor,I'd like to prescribe something stronger to help manage the pain. I'd also like to run some tests to rule out any serious conditions.

Patient,Okay, that sounds good. What kind of tests will be done?
Doctor,I'll start with a CT scan to rule out any structural issues, followed by some blood tests.

Patient,When should I come in for these tests?
Doctor,I'd like you to come in next Tuesday. In the meantime, try to stay hydrated and get plenty of rest.

Patient,Understood. I'll make sure to come on that day.
Doctor,Excellent, I'll prepare the necessary tests for you. Please call if your symptoms worsen before then.

Patient,Thank you, doctor. I appreciate your help.
Doctor,You're welcome. I'll do my best to help you feel better. Take care.

Patient,I will. I'll see you next Tuesday.
Doctor,Looking forward to seeing you then.