 person,sentence
Friend1,"Hey Friend2, how was your day?"
Friend2,"It was alright, Friend1. How about yours?"
Friend1,"Pretty good, thanks for asking. Let's catch up more later."
Friend2,"Definitely, I'd love that. Let's plan something for this weekend."
Friend1,That sounds great! How about we grab dinner on Saturday?
Friend2,"That sounds perfect, I'll check my schedule and get back to you."
Friend1,"Sure thing, looking forward to it."
Friend2,"Me too. Have a good rest of your day, Friend1."
Friend1,"You too, Friend2. Take care!"
Friend2,"You too, take care."
Friend3,"Hey Friend4, I was thinking about the project we're working on. Have you made any progress?"
Friend4,"I've been making some headway, but I've hit a roadblock. Do you have any ideas?"
Friend3,"I've been thinking about it, let me send you a link to an article that might help."
Friend4,"That would be great, thanks!"
Friend3,"Here's the link, it's about optimizing the code for better performance."
Friend4,I'll take a look at it and let you know what I think.
Friend3,"Take your time, and let me know if you need any more help."
Friend4,"I appreciate it, thanks again."
Friend3,"No problem, let's get this project done together."
Friend4,"Absolutely, let's make it happen."
